ALTER SESSION SET NLS_DATE_FORMAT = 'YYYY-MM-DD';
SET AUTOCOMMIT ON;
CLEAR SCREEN;
SET SERVEROUTPUT ON;
--------------------------------Execute below truncate statements if overwrite of existing records are required---------------------------------
/*Truncate statements - Execute in the same order as relationships are already established, clearing the tables in random order would cause inconsistency*/

--Truncate Customer 
BEGIN 
	EXECUTE IMMEDIATE 'TRUNCATE TABLE CUSTOMER';
    DBMS_OUTPUT.PUT_LINE('CUSTOMER table has been trunacted');
EXCEPTION
    WHEN OTHERS THEN
		DBMS_OUTPUT.PUT_LINE('CUSTOMER table doesn''t exist');
END;
/


--Truncate Membership
BEGIN 
	EXECUTE IMMEDIATE 'TRUNCATE TABLE MEMBERSHIP';
    DBMS_OUTPUT.PUT_LINE('MEMBERSHIP table has been trunacted');
EXCEPTION
    WHEN OTHERS THEN
		DBMS_OUTPUT.PUT_LINE('MEMBERSHIP table doesn''t exist');
END;
/


--Truncate Customer_Membership
BEGIN 
	EXECUTE IMMEDIATE 'TRUNCATE TABLE CUSTOMER_MEMBERSHIP';
    DBMS_OUTPUT.PUT_LINE('CUSTOMER_MEMBERSHIP table has been trunacted');
EXCEPTION
    WHEN OTHERS THEN
		DBMS_OUTPUT.PUT_LINE('CUSTOMER_MEMBERSHIP table doesn''t exist');
END;
/


--Truncate Booking
BEGIN 
	EXECUTE IMMEDIATE 'TRUNCATE TABLE BOOKING';
    DBMS_OUTPUT.PUT_LINE('BOOKING table has been trunacted');
EXCEPTION
    WHEN OTHERS THEN
		DBMS_OUTPUT.PUT_LINE('BOOKING table doesn''t exist');
END;
/


--Truncate Building
BEGIN 
	EXECUTE IMMEDIATE 'TRUNCATE TABLE BUILDING';
    DBMS_OUTPUT.PUT_LINE('BUILDING table has been trunacted');
EXCEPTION
    WHEN OTHERS THEN
		DBMS_OUTPUT.PUT_LINE('BUILDING table doesn''t exist');
END;
/



--Truncate Space
BEGIN 
	EXECUTE IMMEDIATE 'TRUNCATE TABLE SPACE';
    DBMS_OUTPUT.PUT_LINE('SPACE table has been trunacted');
EXCEPTION
    WHEN OTHERS THEN
		DBMS_OUTPUT.PUT_LINE('SPACE table doesn''t exist');
END;
/



--Truncate Preference
BEGIN 
	EXECUTE IMMEDIATE 'TRUNCATE TABLE PREFERENCE';
    DBMS_OUTPUT.PUT_LINE('PREFERENCE table has been trunacted');
EXCEPTION
    WHEN OTHERS THEN
		DBMS_OUTPUT.PUT_LINE('PREFERENCE table doesn''t exist');
END;
/



--Truncate Payment
BEGIN 
	EXECUTE IMMEDIATE 'TRUNCATE TABLE PAYMENT';
    DBMS_OUTPUT.PUT_LINE('PAYMENT table has been trunacted');
EXCEPTION
    WHEN OTHERS THEN
		DBMS_OUTPUT.PUT_LINE('PAYMENT table doesn''t exist');
END;
/



--Truncate Review
BEGIN 
	EXECUTE IMMEDIATE 'TRUNCATE TABLE REVIEW';
    DBMS_OUTPUT.PUT_LINE('REVIEW table has been trunacted');
EXCEPTION
    WHEN OTHERS THEN
		DBMS_OUTPUT.PUT_LINE('REVIEW table doesn''t exist');
END;
/


--INSERT CUSTOMER DATA

BEGIN 

INSERT INTO CUSTOMER(CUSTOMER_ID, FIRST_NAME, LAST_NAME, EMAIL, MOBILE_NO)
VALUES (1,'MINAL','NARANJE', 'minalnaranje@northeastern.edu','9355677789');

INSERT INTO CUSTOMER(CUSTOMER_ID, FIRST_NAME, LAST_NAME, EMAIL, MOBILE_NO) 
VALUES (2,'JANHAVI','PATIL', 'janhavi.patil@northeastern.edu','1234567892');

INSERT INTO CUSTOMER (CUSTOMER_ID, FIRST_NAME, LAST_NAME, EMAIL, MOBILE_NO)
VALUES (3,'DWIJ','PATEL', 'patel.dwij@northeastern.edu','5734565667');

INSERT INTO CUSTOMER (CUSTOMER_ID, FIRST_NAME, LAST_NAME, EMAIL, MOBILE_NO)
VALUES (4, 'HAOYI', 'HE', 'haoyi.he@northeastern.edu', '3456789012');

INSERT INTO CUSTOMER (CUSTOMER_ID, FIRST_NAME, LAST_NAME, EMAIL, MOBILE_NO)
VALUES (5, 'JOHN', 'DAVIS', 'charlie.davis@northeastern.edu', '5678901234');


COMMIT;
DBMS_OUTPUT.PUT_LINE('DUMMY RECORDS INSERTED SUCCESSFULLY IN CUSTOMER TABLE');

END;
/




--INSERT MEMBERSHIP DATA

BEGIN

INSERT INTO MEMBERSHIP(MEMBERSHIP_ID, MEMBERSHIP_TYPE, MEMBERSHIP_PRICE) 
VALUES (101,'MONTHLY',60);

INSERT INTO MEMBERSHIP(MEMBERSHIP_ID, MEMBERSHIP_TYPE, MEMBERSHIP_PRICE)
VALUES (102,'YEARLY',100);

INSERT INTO MEMBERSHIP(MEMBERSHIP_ID, MEMBERSHIP_TYPE, MEMBERSHIP_PRICE)
VALUES (103,'YEARLY',100);

INSERT INTO MEMBERSHIP(MEMBERSHIP_ID, MEMBERSHIP_TYPE, MEMBERSHIP_PRICE)
VALUES (104,'MONTHLY',60);

INSERT INTO MEMBERSHIP(MEMBERSHIP_ID, MEMBERSHIP_TYPE, MEMBERSHIP_PRICE)
VALUES (105,'MONTHLY',60);


COMMIT;
DBMS_OUTPUT.PUT_LINE('DUMMY RECORDS INSERTED SUCCESSFULLY IN MEMBERSHIP TABLE');

END;
/






--INSERT CUSTOMER_MEMBERSHIP DATA

BEGIN

INSERT INTO CUSTOMER_MEMBERSHIP(CUSTOMER_MEMBER_ID, CUSTOMER_ID, MEMBERSHIP_ID, START_DATE, END_DATE)
VALUES (2001,1,101, TO_DATE('2024-06-04', 'YYYY-MM-DD'), TO_DATE('2024-11-04','YYYY-MM-DD'));

INSERT INTO CUSTOMER_MEMBERSHIP(CUSTOMER_MEMBER_ID, CUSTOMER_ID, MEMBERSHIP_ID, START_DATE, END_DATE)
VALUES (2002,2,102, TO_DATE('2024-12-03', 'YYYY-MM-DD'), TO_DATE('2025-12-03','YYYY-MM-DD'));

INSERT INTO CUSTOMER_MEMBERSHIP(CUSTOMER_MEMBER_ID, CUSTOMER_ID, MEMBERSHIP_ID, START_DATE, END_DATE)
VALUES (2003,3,103, TO_DATE('2024-01-05', 'YYYY-MM-DD'), TO_DATE('2025-01-05','YYYY-MM-DD'));

INSERT INTO CUSTOMER_MEMBERSHIP(CUSTOMER_MEMBER_ID, CUSTOMER_ID, MEMBERSHIP_ID, START_DATE, END_DATE)
VALUES (2004,4,104, TO_DATE('2024-02-16', 'YYYY-MM-DD'), TO_DATE('2025-07-16','YYYY-MM-DD'));

INSERT INTO CUSTOMER_MEMBERSHIP(CUSTOMER_MEMBER_ID, CUSTOMER_ID, MEMBERSHIP_ID, START_DATE, END_DATE)
VALUES (2005,5,105, TO_DATE('2024-06-07', 'YYYY-MM-DD'), TO_DATE('2025-10-07','YYYY-MM-DD'));

COMMIT;
DBMS_OUTPUT.PUT_LINE('DUMMY RECORDS INSERTED SUCCESSFULLY IN CUSTOMER_MEMBERSHIP TABLE');

END;
/



-- Insert Booking table data


BEGIN
   -- Insert with all specified columns
   INSERT INTO BOOKING (BOOKING_ID, CUSTOMER_ID, BOOKING_START_DATE, BOOKING_END_DATE, BOOKING_TOTAL_HOURS)
   VALUES (201, 1, TO_DATE('2024-06-15 08:00:00', 'YYYY-MM-DD HH24:MI:SS'), TO_DATE('2024-06-15 12:00:00', 'YYYY-MM-DD HH24:MI:SS'), 4);

   -- Insert with all specified columns
   INSERT INTO BOOKING (BOOKING_ID, CUSTOMER_ID, BOOKING_START_DATE, BOOKING_END_DATE, BOOKING_TOTAL_HOURS)
   VALUES (202, 2, TO_DATE('2024-12-07 10:00:00', 'YYYY-MM-DD HH24:MI:SS'), TO_DATE('2024-12-07 16:00:00', 'YYYY-MM-DD HH24:MI:SS'), 6);

   -- Insert with all specified columns
   INSERT INTO BOOKING (BOOKING_ID, CUSTOMER_ID, BOOKING_START_DATE, BOOKING_END_DATE, BOOKING_TOTAL_HOURS)
   VALUES (203, 3, TO_DATE('2024-03-03 07:30:00', 'YYYY-MM-DD HH24:MI:SS'), TO_DATE('2024-03-03 10:30:00', 'YYYY-MM-DD HH24:MI:SS'), 3);

   -- Insert with all specified columns
   INSERT INTO BOOKING (BOOKING_ID, CUSTOMER_ID, BOOKING_START_DATE, BOOKING_END_DATE, BOOKING_TOTAL_HOURS)
   VALUES (204, 4, TO_DATE('2024-02-22 12:15:00', 'YYYY-MM-DD HH24:MI:SS'), TO_DATE('2024-02-22 20:15:00', 'YYYY-MM-DD HH24:MI:SS'), 8);

   -- Insert with all specified columns
   INSERT INTO BOOKING (BOOKING_ID, CUSTOMER_ID, BOOKING_START_DATE, BOOKING_END_DATE, BOOKING_TOTAL_HOURS)
   VALUES (205, 5, TO_DATE('2024-07-16 09:00:00', 'YYYY-MM-DD HH24:MI:SS'), TO_DATE('2024-07-16 10:00:00', 'YYYY-MM-DD HH24:MI:SS'), 1);

   COMMIT;
   DBMS_OUTPUT.PUT_LINE('DUMMY RECORDS INSERTED SUCCESSFULLY IN BOOKING TABLE');
END;
/








--INSERT BUILDING DATA
BEGIN

INSERT INTO BUILDING(BUILDING_ID, BUILDING_NAME, FLOOR_NUMBER) 
VALUES (10,'ELL HALL', 1);

INSERT INTO BUILDING(BUILDING_ID, BUILDING_NAME, FLOOR_NUMBER) 
VALUES (20,'ISEC', 2);

INSERT INTO BUILDING(BUILDING_ID, BUILDING_NAME, FLOOR_NUMBER) 
VALUES (30,'SNELL', 1);

INSERT INTO BUILDING(BUILDING_ID, BUILDING_NAME, FLOOR_NUMBER)
VALUES (40,'EXP', 2);

INSERT INTO BUILDING(BUILDING_ID, BUILDING_NAME, FLOOR_NUMBER) 
VALUES (50,'SHILLMAN HALL', 1);

COMMIT;
DBMS_OUTPUT.PUT_LINE('DUMMY RECORDS INSERTED SUCCESSFULLY IN BUILDING TABLE');

END;
/




--INSERT SPACE DATA

BEGIN

INSERT INTO SPACE(SPACE_ID, BUILDING_ID, BOOKING_ID, SPACE_TYPE, SPACE_CAPACITY, STATUS, SPACE_PRICE) 
VALUES (1000, 10, 201,'ISOLATION',1,'Booked', 5);

INSERT INTO SPACE(SPACE_ID, BUILDING_ID, BOOKING_ID, SPACE_TYPE, SPACE_CAPACITY, STATUS, SPACE_PRICE) 
VALUES (1006, 10, NULL,'ISOLATION',1,'AVAILABLE', 5);

INSERT INTO SPACE(SPACE_ID, BUILDING_ID, BOOKING_ID, SPACE_TYPE, SPACE_CAPACITY, STATUS, SPACE_PRICE) 
VALUES (1001,20, 201,'ISOLATION',3,'Booked', 5);

INSERT INTO SPACE(SPACE_ID, BUILDING_ID, BOOKING_ID, SPACE_TYPE, SPACE_CAPACITY, STATUS, SPACE_PRICE) 
VALUES (1002,40, 201,'COLLABORATION',5,'Booked', 8);

INSERT INTO SPACE(SPACE_ID, BUILDING_ID, BOOKING_ID, SPACE_TYPE, SPACE_CAPACITY, STATUS, SPACE_PRICE)
VALUES (1003,50, 201,'ISOLATION',4,'Booked', 5);

INSERT INTO SPACE(SPACE_ID, BUILDING_ID, BOOKING_ID, SPACE_TYPE, SPACE_CAPACITY, STATUS, SPACE_PRICE)
VALUES (1004,30, 201,'COLLABORATION',2,'Booked', 8);

COMMIT;
DBMS_OUTPUT.PUT_LINE('DUMMY RECORDS INSERTED SUCCESSFULLY IN SPACE TABLE');

END;
/





--INSERT PREFERENCE DATA

BEGIN

INSERT INTO PREFERENCE (PREFERENCE_ID, BUILDING_ID, PREFERENCE_RANK)
VALUES (301,20,1);

INSERT INTO PREFERENCE (PREFERENCE_ID, BUILDING_ID, PREFERENCE_RANK)
VALUES (302,50,2);

INSERT INTO PREFERENCE (PREFERENCE_ID, BUILDING_ID, PREFERENCE_RANK)
VALUES (303,40,1);

INSERT INTO PREFERENCE (PREFERENCE_ID, BUILDING_ID, PREFERENCE_RANK)
VALUES (304,10,2);

INSERT INTO PREFERENCE (PREFERENCE_ID, BUILDING_ID, PREFERENCE_RANK)
VALUES (305,30,1);

COMMIT;
DBMS_OUTPUT.PUT_LINE('DUMMY RECORDS INSERTED SUCCESSFULLY IN PREFERENCE TABLE');

END;
/




--INSERT PAYMENT DATA

BEGIN

INSERT INTO PAYMENT (PAYMENT_ID, BOOKING_ID, TOTAL_AMOUNT, PAYMENT_TYPE, PAYMENT_DATE)
VALUES (1, 201, 20.00, 'CREDIT', TO_DATE('2024-06-15 08:00:00', 'YYYY-MM-DD HH24:MI:SS'));

INSERT INTO PAYMENT (PAYMENT_ID, BOOKING_ID, TOTAL_AMOUNT, PAYMENT_TYPE, PAYMENT_DATE)
VALUES (2, 202, 15.00, 'DEBIT', TO_DATE('2024-12-07 10:00:00', 'YYYY-MM-DD HH24:MI:SS'));

INSERT INTO PAYMENT (PAYMENT_ID, BOOKING_ID, TOTAL_AMOUNT, PAYMENT_TYPE, PAYMENT_DATE)
VALUES (3, 203, 18.00, 'CREDIT', TO_DATE('2024-03-03 07:30:00', 'YYYY-MM-DD HH24:MI:SS'));

INSERT INTO PAYMENT (PAYMENT_ID, BOOKING_ID, TOTAL_AMOUNT, PAYMENT_TYPE, PAYMENT_DATE)
VALUES (4, 204, 22.00, 'DEBIT', TO_DATE('2024-02-22 12:15:00', 'YYYY-MM-DD HH24:MI:SS'));

INSERT INTO PAYMENT (PAYMENT_ID, BOOKING_ID, TOTAL_AMOUNT, PAYMENT_TYPE, PAYMENT_DATE)
VALUES (5, 205, 25.00, 'CREDIT', TO_DATE('2024-07-16 09:00:00', 'YYYY-MM-DD HH24:MI:SS'));


COMMIT;
DBMS_OUTPUT.PUT_LINE('DUMMY RECORDS INSERTED SUCCESSFULLY IN PAYMENT TABLE');

END;
/



--INSERT REVIEW DATA

BEGIN

INSERT INTO REVIEW (REVIEW_ID, RATING, COMMENTS, SPACE_ID)
VALUES (501,5,NULL,1001);

INSERT INTO REVIEW (REVIEW_ID, RATING, COMMENTS, SPACE_ID)
VALUES (502,5,'PERFECT',1004);

INSERT INTO REVIEW (REVIEW_ID, RATING, COMMENTS, SPACE_ID)
VALUES (503,3,'GOOD PLACE',1003);

INSERT INTO REVIEW (REVIEW_ID, RATING, COMMENTS, SPACE_ID)
VALUES (504,4,NULL,1002);

INSERT INTO REVIEW (REVIEW_ID, RATING, COMMENTS, SPACE_ID)
VALUES (505,5,'EASY TO STAY FOCUS',1006);

COMMIT;
DBMS_OUTPUT.PUT_LINE('DUMMY RECORDS INSERTED SUCCESSFULLY IN REVIEW TABLE');

END;
/
